{
  "ai": {
    "precision": 0.9533758947572064,
    "recall": 0.9388454943798819,
    "f1-score": 0.9460549049721636,
    "support": 5249.0
  },
  "human": {
    "precision": 0.9699915864261007,
    "recall": 0.9773005557125365,
    "f1-score": 0.9736323543211035,
    "support": 10617.0
  },
  "accuracy": 0.9645783436278835,
  "macro avg": {
    "precision": 0.9616837405916536,
    "recall": 0.9580730250462092,
    "f1-score": 0.9598436296466335,
    "support": 15866.0
  },
  "weighted avg": {
    "precision": 0.9644945635110607,
    "recall": 0.9645783436278835,
    "f1-score": 0.9645088177250754,
    "support": 15866.0
  },
  "roc_auc_ai_positive": 0.9930125327136591
}